created,userCity,userState,description,title,sentimento
2026-04-06T11:18:09,São Paulo,SP,"assunto reclamação atendimento técnico prezados, venho formalizar reclamação sobre dois atendimentos técnicos r",reclamação sobre atendimento técnico serviço mal executado,NEU
2026-04-06T11:18:08,Florianópolis,SC,"fiz uma portabilidade a uns 4 anos atrás para a tim, sendo que fiquei mais de 2 nos com a claro e estão me cobrando multa, isso es",cobrança indevida de multa por portabilidade após 4 anos com a tim e inclusão no serasa,NEG
2026-04-06T11:17:26,Nova Iguaçu,RJ,gostaria de registrar minha indignação com a quantidade absurda de ligações que eu tenho recebido da claro. todos os dias eu sou i,claro assédio telefônico com ligações excessivas e indesejadas para oferta de serviços,NEG
2026-04-06T11:17:20,São Paulo,SP,"em dezembro de 2025 paguei a fatura de novembro 2025 de maneira duplicada. acabei me confundindo pois a claro, por algum motivo, p",cobrança duplicada e não estornada pela claro pagamento de fatura em dezembro de 2025,NEU
2026-04-06T11:20:20,Rio de Janeiro,RJ,"já solicitei reparo técnico para a internet duas vezes, mas ninguém resolveu ainda. o protocolo do último atendimento é .",internet empresarial com reparo técnico pendente após múltiplas solicitações,NEU
2026-04-06T11:18:51,Brasília,DF,bom dia em primeiro de dezembro deste ano fiz um contrato com a clara na pessoa do senhor yan no valor de 8490 de dezembro até hoj,cobrança a mais,NEU
2026-04-06T11:18:37,Curitiba,PR,"tentei fazer um plano mais em conta para minha empresa na claro e os atendentes não tinham nenhum plano que fosse mais em conta, e",cobrança indevida,NEU
2026-04-06T11:18:34,Rio de Janeiro,RJ,já fiz varias ligações para claro solicitando a troca de no app para ativar os streaming.mas no aplicativo não troca e eu es,"impossibilidade de alterar e mail no aplicativo claro para ativar serviços de streaming, resultando em cobrança por serviço não utilizado e falta de contato da empresa.",NEG
2026-04-06T11:18:20,Lago da Pedra,MA,estou recebendo cobranças de um pagamento que eu já fiz.,cobrança de conta já paga,NEU
2026-04-06T10:29:18,Rio de Janeiro,RJ,"contratei 5 assinaturas de wi fi mesh em 2023 por emergência, o sistema parou de funcionar, devolvi os 5 aparelhos e pedi cancelam","cobrança indevida de assinaturas de wi fi mesh canceladas e com aparelhos devolvidos, apesar de confirmação no sistema da claro.",NEU
2026-04-06T10:26:14,São Paulo,SP,contratei um linha claro fixo em 25 02 26 com o serviço de portabilidade de vivo para claro.depois de 22 chamados abertos após a c,portabilidade de linha fixa não concluída após 22 chamados e encerramento indevido de ouvidoria,NEU
2026-04-06T10:24:13,Guarulhos,SP,"texto para excluir dívidas quot prezados, venho, por meio desta notificação, requerer a imediata exclusão do r",solicitação de exclusão de dívida antiga do cpf com base no cdc e lgpd,NEU
2026-04-06T10:23:20,Itapevi,SP,"pedi um chip da claro para colocar no moden e a internet não funciona já liguei diversas vezes, abri diversos chamados já solicite","claro internet não funciona em modem após solicitação e múltiplos chamados, pedido de cancelamento sem resolução",NEU
2026-04-06T10:22:41,São José,SC,"bom dia venho por meio desta formalizar uma reclamação contra a operadora claro. ao acessar meu aplicativo do serasa, identifiquei",cobrança indevida após cancelamento de linha claro e solicitação de exclusão de débito,NEU
2026-04-06T10:21:03,Belo Horizonte,MG,presto serviço de ti para uma empresa e solicitei o cancelamento da assinatura com a claro em novembro de 2025. a empresa mudo,cobrança indevida após cancelamento de assinatura,NEU
2026-04-06T10:45:24,Fortaleza,CE,"olá bom dia. já tentei de todas as formas possíveis de alterar a ligação do meu iphone, tanto pelo iphone quanto pelo aplicativo d",problemas para realizar chamadas no iphone ligações saindo no modo privado e impossibilidade de contato com números discados.,NEU
2026-04-06T10:45:19,São Bernardo do Campo,SP,viera fazer portabilidade em número q pedi com isso tinha linha a mais de 5 anos e sumiram com essa linha tele,perda de linha telefônica após portabilidade e descaso no atendimento da claro,NEG
2026-04-06T10:45:11,São Paulo,SP,"os atendentes continuam me ligando alegando q tem fatura em aberto, porém as duas faturas foram pagas corretamente. falaram q vão",cobrança indevida de faturas pagas e ameaça de negativação do cpf,NEU
2026-04-06T10:40:24,Montes Claros,MG,"contratei os serviços da internet claro no dia 28 01 26 recebendo a oferta conforme anexada aqui no valor de 49,90 nos 6 primeiro",propaganda enganosa e cobrança indevida na contratação de internet e plano móvel claro,NEU
2026-04-06T10:40:07,Nilópolis,RJ,venho por meio deste registrar reclamação referente a divergências no plano contratado de internet e telefonia móvel junto à opera,reclamação divergência de fatura e descumprimento de oferta claro,NEU
2026-04-06T10:36:27,São Paulo,SP,"assunto solicitação urgente de solução para instalação de modem prezados, estou enfrentando um problema sério e",problema na instalação de modem e falta de internet por mais de sete dias,NEU
2026-04-06T10:35:24,Guarujá,SP,"tentei contratar um serviço de internet da claro. o técnico veio aqui, não fez a instalação porque o cadastro tinha sido feito err","instalação de internet claro com cadastro incorreto, cobrança indevida e má qualidade no atendimento.",NEG
2026-04-06T10:33:30,Aiquara,BA,"estou sendo cobrada de forma incessante por e mail por um débito que não possuo a titularidade da minha fatura foi mudada e,",cobrança indevida de débito inexistente após alteração de titularidade da fatura,NEU
2026-04-06T10:19:28,São Paulo,SP,"foi feito contato via telefone de acordo com protocolo sobre o valor de minha fatura que dobrou o valor de 413,00 para 724,0",fatura com valor dobrado e promessa de ajuste não cumprida.,NEU
2026-04-06T10:18:46,São Paulo,SP,"meu plano com a claro compreende internet, tv e fone fixo. trata se de um plano antigo, vinculado a um condomínio. o plano tornou","claro cinco prazos descumpridos para migração de plano de internet, tv e fone fixo",NEU
2026-04-06T10:17:10,São Paulo,SP,"que claro editado pelo reclame aqui deus me livre não resolve o problema, além de não resolver o sinal está horrível",sinal horrível e problema não resolvido,NEG
2026-04-06T10:16:26,São Paulo,SP,bom dia mas não para mim. quero muito entender porque os meus serviços da operadora claro novamente foram cortados. não devo,"serviços da claro cortados indevidamente pela segunda vez, cliente busca indenização por danos morais.",NEG
2026-04-06T10:16:20,Barreiras,BA,"estou há mais de 30 dias tentando realizar a transferência de titularidade de um número móvel, pertencente ao meu cnpj junto à cla",urgente 30 dias tentando transferência de titularidade sem solução,NEU
2026-04-06T10:14:04,Contagem,MG,"possuía um plano controle no valor de r 44,90 mensal e agora quando fui pagad a fatura com vencimento em abril, fui surpreendida",aumento inesperado no valor da fatura do plano controle e impossibilidade de alteração ou contato,NEU
2026-04-06T10:13:07,Alagoa Grande,PB,"eu uso dois números da operadora claro no meu iphone 11, primeiro chip esim. segundo chip é físico. segundo chip convert","impossibilidade de adicionar esim ao iphone 11 após troca para android, com suporte técnico ineficiente da claro",NEU
2026-04-06T10:12:17,Russas,CE,"venho por meio desta registrar minha profunda insatisfação com a conduta da empresa claro, da qual sou cliente há muitos anos. br",atualização de nome cadastral desrespeito à identidade da pessoa trans e constrangimento indevido,NEG
2026-04-06T10:12:11,Curitiba,PR,"pix débito automático não funciona. pela segunda vez fui surpreendido ao ver que o pagamento não foi feito, apesar de haver saldo","problemas com pagamento via pix e débito automático, falha no app e site, atendimento ineficaz e impossibilidade de cancelamento de débito",NEU
2026-04-06T10:10:14,Varginha,MG,tenho a assinatura claro streaming hd top 6s ret fid mais faz 4 meses que to tentando fazer o cancelamento sem sucesso . por ligaç,tentativa de cancelamento sem sucesso do plano claro streaming e solicitação de devolução de valores pagos,NEU
2026-04-06T10:08:56,Rio de Janeiro,RJ,"estou há mais de um mês impossibilitada de receber ou realizar chamadas telefônicas, bem como acessar a internet através dos dados",suspensão indevida de linha e serviços de internet móvel após pagamento de fatura,NEU
2026-04-06T10:07:24,Santo André,SP,gostaria de desligar a minha tve internet de cada mais a claro não ne respondeu,to tentado desligar minha nt tv e internet e a claro não me atendeu,NEG
2026-04-06T10:04:44,Jandira,SP,eu contratei o claro flex débito automático e nunca veio desconto e eles não querem cancelar e nem o reembolso do dinheiro das par,claro flex impossibilidade de cancelamento e falta de reembolso de parcelas pagas,NEG
2026-04-06T10:02:50,São Paulo,SP,a claro procedeu a uma contratação da netflix não autorizada e não solicitada por mim. enviaram vários e mails mencionando a confi,serviço não solictado,NEU
2026-04-06T10:02:43,Tutóia,MA,"o meu serviço foi cortado e constam que foi por atraso na fatura, mas tem duas semana que foi pago a fatura e não foi dado baixa e",serviço cortado indevidamente após pagamento da fatura e dificuldade de contato para regularização,NEU
2026-04-06T10:02:40,São Paulo,SP,"em 07 de março, minha mãe, idosa, entrou em contato com a claro para cancelar o plano, que estava extremamente caro. ela foi conve",claro não libera canais de streaming prometidos em plano e dificulta o conserto do problema,NEU
2026-04-06T10:00:17,Olinda,PE,"fiz assinatura do plano claro flex, realizei o pagamento antecipado e, após 1 mês, não consegui obter nem sinal da internet. ao lo",claro flex cobrança indevida e falha na prestação do serviço de internet,NEU
2026-04-06T09:59:31,Lagoa Santa,MG,infelizmente não tem compromisso os técnicos já vieram dois e nenhum resolveu o problema,falta de internet,NEG
2026-04-06T09:58:33,São Paulo,SP,bom dia sou cliente da claro net a anos. o serviço ficou péssimo de uns tempos pra cá. neste momento estou sem interne,claro net serviço de internet e tv péssimo com interrupções frequentes e atendimento automatizado.,NEG
2026-04-06T09:56:34,Londrina,PR,"não consigo fazer ligações, uma mensagem diz que esse tipo de ligação não está incluso no meu plano, mas o plano que eu pago tem l",não consigo fazer ligações,NEU
2026-04-06T09:56:16,São Paulo,SP,"sem sinal desde 01 04 e cada vez que entro no app mudam o horario para normalizacao. valor da fatura querem aumentar, sem explicac",cobrança indevida e descaso com o cliente,NEG
2026-04-06T09:55:42,Florianópolis,SC,"bom dia mais uma vez estou aqui, indignada.. fiz diversas reclamaçoes. só preciso que vão até o endereço para recolher o apa",cobrança indevida e insistência em contato após cancelamento do serviço de wifi,NEG
2026-04-06T09:55:32,São Paulo,SP,segunda segunda feira seguida que fico sem internet em casa para trabalhar. mês passado aconteceu a mesma coisa e veio um desconto,"semana após semana sem internet em casa, impossibilitado de trabalhar e sem suporte adequado.",NEU
2026-04-06T09:55:21,Guarapari,ES,"fiz um pagamento do plano mensal p s pagodo telefone celular de minha esposa na claro negocie por r 202,98, compra . com ele",claro negocie cobrança e bloqueio de serviço de telefone celular após pagamento,NEU
2026-04-06T09:53:44,Guarulhos,SP,entrei no site da empresa para pegar a fatura quot minha claro quot entrei no site com meus dados recebi token de confirmação po,"pagamento de fatura de outra pessoa por erro de sistema, resultando em conta de telefone indisponível.",NEU
2026-04-06T09:52:42,Rio de Janeiro,RJ,"tenho um.plano na claro há anos, no último ano mudei de endereço, na tijuca. desde então os serviços estão consta mente instáveis,",instabilidade constante na claro e cobrança integral da fatura sem abatimento,NEG
2026-04-06T09:51:13,Magé,RJ,"identifiquei dívidas lançadas no serasa com mais de 5 anos. conforme o artigo 43, 1 do cdc e o entendimento do stj, é ilegal a co",cobrança de dívida prescrita e negativação indevida no serasa,NEU
2026-04-06T09:50:42,Fortaleza,CE,"reclamação claro claro tv streaming contratei o serviço claro tv streaming em 20 10 2025 pelo valor de r 65,40 mês",cobrança indevida recorrente no serviço claro tv streaming,NEU
2026-04-06T09:49:58,Curitiba,PR,"tenho contrato com a claro há muito tempo e, recentemente dezembro de 2025 , assinei um pacote claro multi banda larga e celular",claro cobrança indevida de débito inexistente mesmo após contato telefônico e aplicativo confirmarem inexistência da dívida.,NEU
2026-04-06T09:49:24,São Paulo,SP,"identifiquei que estão sendo incluídos valores referentes a tv e serviços de streaming, sendo que não contratei nenhum pacote adic",cobrança indevida de serviços de streaming e dificuldade de contato com a empresa.,NEU
2026-04-06T09:48:48,São Paulo,SP,"encerrei meu contrato com a claro em dezembro 2025 contrato , onde informa até hoje que os serviços foram cancelados e assi",cobrança indevida após cancelamento de contrato e inclusão no serasa,NEU
2026-04-06T09:46:37,Belo Horizonte,MG,meu nome se encontra no serasa sendo que pedi transferência de endereço em dezembro. tenho 2 linhas de internet residencial ativos,cobrança indevida após solicitação de transferência de endereço e inclusão indevida no serasa.,NEU
2026-04-06T09:45:25,Betim,MG,"tem dois dias que estou tentando ligar no da claro pra cancelar minha net pois mudei de endereço, e não completa a ligação.",impossibilidade de cancelamento da claro net por telefone ligação cai constantemente,NEG
2026-04-06T09:44:23,Belo Horizonte,MG,"recebi uma cobrança de 30 reais no meu cartão de crédito, endereçada para quot claro flex rec quot . não possuo plano de celular",cobrança indevida de plano de celular não contratado,NEU
2026-04-06T09:42:39,Brasília,DF,"tive minha fatura alterada no valor da internet para um quot pacote quot mais próximo ao meu pacote anterior 114,91 para 125,00",cobrança de valor acima do ofertado e impossibilidade de alteração para pacote promocional.,NEU
2026-04-06T09:42:35,Manaus,AM,"estou sendo cobrado no serasa pela uma conta que eu não fiz já fiz a reclamação para claro , ela informou que a conta é proceden",cobrança não existente,NEU
2026-04-06T09:42:04,Laranjal Paulista,SP,"não tenho e nunca tive conta na claro, e não paro de receber ligações o dia todo, incluindo no período da manhã nos finais de sema",cobrança indevida de parente em número não relacionado,NEU
2026-04-06T09:41:07,São Paulo,SP,"estou com 3 descontentamentos com a claro a minha fatura com vencimento em 15 04 2026 teve um aumento considerável, fo",negociação valor fatura claro,NEG
2026-04-06T09:41:03,São Paulo,SP,"cancelei todas as minhas assinaturas da claro, mas recebo mensalmente uma cobrança de r 29,88, que dizem se referir quot payp",cobrança indevida após cancelamento de assinaturas da claro dificuldade de atendimento,NEU
2026-04-06T09:39:13,Niterói,RJ,"fiz uma renegociação com a claro há meses para um plano de 119,90 porém todo mês a fatura vem com um valor acima do que foi combin",claro fatura com valor acima do combinado em renegociação mensalmente. dificuldade em resolver via sac.,NEU
2026-04-06T09:38:25,São Paulo,SP,"no dia 20 02 2026, entrei em contato com o sac da claro com o objetivo de modificar meu plano, que possuía o valor de r 413,70 q",claro plano não atualizado após solicitação de alteração de serviço e redução de valor,NEU
2026-04-06T09:36:50,Vitória da Conquista,BA,estou pedindo o reset do aplicativo da claro pelo motivo nao tenho mais acesso ao meu e mail antigo e nem o número do celular já f,claro se recusa a resetar aplicativo e cliente ameaça cancelar produtos,NEU
2026-04-06T09:36:33,Rio de Janeiro,RJ,"sou cliente claro tv. estou com mensagem de sinal não encontrado desde sexta feira feira. preciso da visita do técnico, mas não qu",claro tv falta de sinal em um dos pontos e recusa em agendar visita técnica.,NEU
2026-04-06T09:35:16,Jandira,SP,"a claro me ligou alguns meses atrás aferecendo um plano acertei, desde então so problemas, todo mês tenho q ligar na central para","cobrança indevida e plano não contratado pela claro, com falha no atendimento",NEG
2026-04-06T09:34:11,Hortolândia,SP,"a claro fica ligando das 7h às 20h que é quando eu ligo o modo avião, muitos dos dias eu já nem tiro do modo avião. o atendente li",claro realiza ligações incessantes mesmo após solicitação de interrupção e identificação de que o número não pertence à operadora,NEG
2026-04-06T09:33:02,Rio de Janeiro,RJ,"prezados, venho por meio desta formalizar uma reclamação contra a empresa claro, em razão de falha na prestação de serviç",claro falha na prestação de serviço pós migração de plano e ausência de solução,NEU
2026-04-06T09:31:36,Santo André,SP,"meu nome é , em janeiro de 2026 paguei a fatura duplicada de dezembro no valor de 769,09. como paguei a de dezembro 2 vezes e","pagamento duplicado de fatura não estornado e cobrança indevida de celular na fatura de abril, após promessa de estorno.",NEU
2026-04-06T09:30:54,Brotas,SP,"bom dia eu fiz uma solicitação de portabilidade para o celular de minha mãe idosa, porém, voltamos atrás e cancelamos a portabili",cobrança indevida após cancelamento de portabilidade de linha telefônica,NEU
2026-04-06T09:25:50,Paraguaçu,MG,"empresa horrível negociei minha linha novamente semana passada, liberou quatro dias depois cortou d novo. dizendo que tem fatura a",reativação de linha cancelada indevidamente e cobrança de fatura inexistente.,NEG
2026-04-06T09:23:02,Piracicaba,SP,bom dia a minha fatura da claro aumentou. eu abri uma reclamação no site de vocês me informaram que eu solicitei aumento de plano,aumento indevido de fatura e plano de internet sem solicitação do cliente.,NEU
2026-04-06T09:22:03,São Paulo,SP,"serviço cobrado não solicitado.cobrança de um serviço mensalidade pac streaming max com anuncio r 18,90 não solicitado. reclamei",cobrança de serviço não solicitado mensalidade pac streaming max,NEG
2026-04-06T09:19:52,Osasco,SP,estou com uma pendência em meu cpf de algo que desconheço em nenhum momento entraram em contato comigo para me cobrar algo e eu n,inclusão indevida do nome no spc serasa por serviço desconhecido da claro,NEU
2026-04-06T09:19:32,Sinop,MT,eu paguei com pix minha fatura de fevereiro conforme comprovante e minha conta está cancelada. quero explicações.,"pagamento realizado via pix, mas conta cancelada indevidamente",NEU
2026-04-06T09:18:44,Ituverava,SP,faz 3 meses seguidos que perco quase uma hora do meu dia pra ligar na claro e fazer reclamações de cobranças indevidas na minha co,cobranças de app que não contratei,NEG
2026-04-06T09:17:57,São Paulo,SP,"solicitei cancelamento, inclusive com entrega na loja física da claro no bh shopping, de todos os equipamentos da minha conta de c","cobrança indevida de cancelamento de serviços claro, mesmo após solicitação e contestação",NEU
2026-04-06T09:17:18,Fortaleza,CE,"contratei o plano claro residencial de fibra óptica. o valor do plano era r 99,00 no débito automático. a claro aint",claro residencial cobrança de valor superior ao contratado para plano de fibra óptica sem justificativa.,NEU
2026-04-06T09:16:09,Aracaju,SE,"venho por meio desta registrar minha total insatisfação com a prestação de serviços da claro, diante de uma sequência de falhas gr","desrespeito ao consumidor, cobranças indevidas e ausência total de suporte técnico claro",NEG
2026-04-06T09:15:57,Carapicuíba,SP,"prezados, venho por meio desta registrar uma reclamação referente a uma alteração indevida em meu plano. no dia",suposta alteração de plano,NEU
2026-04-06T09:15:57,Crato,CE,adquiri o plano claro tv streaming mas simplesmente não existe pós venda central de atendimento. além de descontar o valor do pla,cobrança indevida e falta de pós venda para o plano claro tv streaming,NEG
2026-04-06T09:15:54,São Paulo,SP,acordo feito e pago das linhas e vivem suspendendo a mesma alegando contas em atraso sendo q foram quitadas com desconto pelo nego,suspensão indevida de linha após acordo e pagamento,NEG
2026-04-06T09:14:02,Porto Alegre,RS,a fatura foi paga em duplicidade em fevereiro e o valor não foi compensado até agora. já prometeram reembolso e abatimento na fatu,pagamento em duplicidade não compensado e sem reembolso,NEG
2026-04-06T09:13:35,Guaíba,RS,quero fazer o cancelamento da portabilidade e não estou conseguindo mando mensagem tento ligar e nada mais um motivo para cancelar,impossibilidade de cancelamento de portabilidade e mau atendimento ao cliente,NEG
2026-04-06T09:11:57,São Paulo,SP,venho registrar uma reclamação contra a claro devido a um ocorrido grave envolvendo a prestação de serviço técnico. na qu,claro técnico interrompe serviço de internet da vivo e recusa reparo,NEU
2026-04-06T09:09:33,Santa Luzia,MG,bom dia no início deste ano fiz uma portabilidade .da operadora vivo .para claro ..fui a uma loja física na av afonso pena em bh .,cobrança indevida e negativação do cpf após portabilidade de chip virtual para claro,NEU
2026-04-06T09:09:27,Ribeirão Preto,SP,"reabrindo a reclamação contra a empresa claro, por descumprimento de acordo. novamente o valor da mensalidade veio em desacordo co",claro descumprimento de acordo valor da mensalidade em desacordo com o contrato,NEG
2026-04-06T09:07:24,Vitória,ES,"há aproximadamente 20 dias comecei a receber ligações de cobrança em nome da claro. inicialmente, imaginei se tratar de tentativa",bloqueio de linhas e cobrança em duplicidade após erro sistêmico da claro,NEU
2026-04-06T09:05:11,São Paulo,SP,"gostaria de saber o motivo de receber tantos e mails de vocês, e ligações, meu pai não está devendo nada na claro, e nem para você",cobrança indevida e ameaças de processo judicial pai não possui débitos com a claro,NEU
2026-04-06T09:04:47,Uberlândia,MG,a claro não está permitindo a contestação de lançamentos em fatura indevido. o número 10621 não atende e não consigo contestar uma,claro impossibilidade de contestar lançamento indevido em fatura e falha no atendimento ao cliente,NEG
2026-04-06T09:01:19,Juiz de Fora,MG,"dia 06 03 2026 entrei em contato com a ouvidoria da claro no protocolo onde relatei o aumento da minha fatura de r 59,","cobrança indevida e aumento abusivo na fatura claro, mesmo após correção.",NEU
2026-04-06T08:58:58,Macaé,RJ,a claro está me cobrando uma dívida de r 299 e eu não reconheço essa dívida.,não reconheço a dívida que a claro está me cobrando,NEG
2026-04-06T08:58:48,Araguaína,TO,"venho por meio desta registrar uma reclamação contra a operadora, pois meu plano anteriormente tinha o valor de r 30,00, porém, s",cobrança indevida e linha cortada após aumento de valor não solicitado,NEU
2026-04-06T08:56:33,Ribeirão Preto,SP,agendei um pagamento para hoje e já recebi umas 30 ligações me lembrando do pagamento. desde a primeira confirmei que pagaria. inc,cobrança excessiva e insistente e solicitação de cancelamento de serviço por desrespeito. mais de 30 ligações lembrando um pagamento que eu já confirmei.,NEU
2026-04-06T08:54:33,São Paulo,SP,"abri um chamado em quot documentos óbito quot da claro no mês passado, enviando toda documentação de falecimento do meu pai. env",cobrança de conta indevida,NEU
2026-04-06T08:54:15,Itapema,SC,estou tentando cancelar meu plano da claro e vocês fazem de tudo para isso não acontecer. já tentei pelo número que indic,impossibilidade de cancelamento de plano claro através de múltiplos canais de atendimento,NEG
2026-04-06T08:54:03,Campinas,SP,não tenho essa linha desde de 12 de 2025.reclamei o mes passado e este mes mandaram novamente cobrança. não consigo falar em canal,claro envia cobranças indevidas e não oferece canais de atendimento,NEG
2026-04-06T08:52:40,Teresina,PI,fiz o pagamento da fatura e mesmo assim a fatura debitada ainda aparece no aplicativo do serasa,pagamento e débito,NEU
2026-04-06T08:49:36,São Bernardo do Campo,SP,"fiz um plano da claro, minha fatura tava vindo 29,90. do nada eles aumentaram o preço pra 33,90. em nenhum momento me falaram que",claro aumentou o valor da fatura sem aviso prévio,NEU
2026-04-06T08:48:02,Cariacica,ES,fiz duas recargas no dia 07 02 no meu celular e só entrou uma. preciso de resolução. segue evidências em anexo.,problema com recarga de celular apenas uma recarga creditada,NEU
2026-04-06T08:47:07,São Paulo,SP,"estou sofrendo uma exausta tentativa de cancelarem as ligacoes inoportunas, inumeras mensagens que lotam minha caixa postal por pa","interrupção constante de ligações e mensagens indesejadas por mais de 6 meses, apesar de múltiplas tentativas de cancelamento",NEG
2026-04-06T08:46:44,São Paulo,SP,"estou abrindo reclamaçao em nome da minha sogra, ela possuia a tv por assinatura e por dificuldades financeiras atrasou o pagament",cobrança indevida de serviço de internet após acordo e cancelamento de tv por assinatura,NEU
2026-04-06T08:45:29,Salvador,BA,telefone fixo não faz ligação a mais de um mês,telefone fixo não realiza ligações,NEU
2026-04-06T08:41:38,Campinas,SP,cobrança de valor indevido e linha adicional sendo cobrada sem minha autorização. ocultação de protocolo de atendimento e descumpr,cobrança indevida e descumprimento de acordo,NEG
2026-04-06T08:38:13,Rio de Janeiro,RJ,"temos um plano empresarial, e quase todos os dias ficamos sem sinal de internet. estamos sempre registrando as reclamações, e as r",internet empresarial com sinal intermitente e prazos de regularização extensos pela claro,NEU
2026-04-06T08:38:01,São Paulo,SP,"trabalho home office e hoje dia 06 04 já é a segunda vez que estou sem internet, semana passada dia 30 03 também fiquei com o mesm",reclamação internet intermitente e aviso de problema genérico no app,NEU
2026-04-06T08:35:35,Guaíba,RS,"ligações constantes cobrando renata, todos os dias às 08 00 hs, à 13 00hs e por volta das 16 17 00hs, pessoa que não conheço e nã","ligações excessivas cobrando dívida de terceiro, apesar de informar que a pessoa não reside no local e ter cadastro no não perturbe.",NEU
2026-04-06T08:28:24,São Paulo,SP,"ficam me ligando incessantemente com quot oportunidade financeira quot mesmo meu número sendo cadastrado no não me perturbe, e m",ligações de oportunidade financeira insistentes mesmo após cadastro no não me perturbe e solicitação de encerramento,NEG
2026-04-06T08:28:03,Brasília,DF,claro colocou tv nao gostei imediatamente pedi pra retirarem eles estao causando a maior dificuldade pra cancelar..,dificuldade para cancelar a tv após a instalação e insatisfação com o produto.,NEG
2026-04-06T08:27:21,Manaus,AM,"bom dia, já faz 7 meses que eu cancelei meu plano de tv streamig da claro. porém, depois do cancelamento começou a chegar umas fat",cobrança indevida após cancelamento de plano de tv streaming e negativação indevida no serasa.,NEU
2026-04-06T08:26:27,Brasília,DF,"a empresa claro sujou meu nome no serasa por uma fatura que já foi paga. entrei em contato com eles, e me passaram um outro telefo",claro sujou meu nome no serasa por fatura paga e mau atendimento ao tentar resolver.,NEU
2026-04-06T08:26:15,Salvador,BA,"suspensão indevida, recorrente e grave, de linhas mesmo com pagamentos em dia há aproximadamente 1 mês venho enfrentando","suspensão indevida e recorrente de linhas claro, mesmo com pagamentos em dia, afetando idosa.",NEG
2026-04-06T08:22:19,Rio de Janeiro,RJ,"no dia 27 03 2026, realizei a compra de um aparelho motorola g35 e fui surpreendido com a inclusão de um seguro sem minha autoriza",cobrança de seguro não autorizado em aparelho motorola g35,NEU
2026-04-06T08:14:31,Rio de Janeiro,RJ,cancelei uma assinatura da claro internet em um antigo endereço na loja do barra shoping no dia 29 03 3026 com a entrega do equipa,cancelamento de assinatura claro internet e cobrança indevida,NEU
2026-04-06T08:10:06,Jaboatão dos Guararapes,PE,"estive na claro em outubro de 2025 para trocar meu telefone, comprei meu telefone a preço cheio, né a primeira pergunta que eu fi",claro aumenta conta e dificulta cancelamento com cobrança de multa abusiva.,NEU
2026-04-06T08:06:14,Niterói,RJ,péssimo atendimento pelo telefone. resolveram tirar o desconto que tinha na minha linha sem qualquer aviso prévio e a conta veio q,péssimo atendimento e cobrança indevida de conta após retirada de desconto sem aviso prévio,NEG
2026-04-06T08:04:49,Rio de Janeiro,RJ,"gostaria de registrar uma reclamação formal sobre o serviço de internet que venho recebendo. toda semana fico sem conexão, o que t",reclamação interrupções semanais na internet e cobranças indevidas prejudicam trabalho em home office,NEG
2026-04-06T07:52:19,Carapicuíba,SP,wifi há mais de 1 mês com instabilidade. toda segunda e terça feira amanheço sem sinal de internet. ligo na claro pra saber o que,"instabilidade constante no serviço de wi fi da claro, com falhas frequentes e cobrança integral da fatura.",NEG
2026-04-06T07:52:04,Salvador,BA,"fiz a portabilidade da tim para a claro por recomendação mas desde a contratação, a operadora vem cortando a linha de internet a c",cancelamento de plano claro por problemas recorrentes com internet e ofertas insistentes de upgrade,NEG
2026-04-06T07:40:20,Patos de Minas,MG,"solicitei a portabilidade da claro para a vivo e a claro se nega a liberar meu número, mesmo com as contas todas pagas. o número q","claro se recusa a liberar número para portabilidade, causando cobrança duplicada por 3 meses",NEG
2026-04-06T07:36:10,Dois Irmãos,RS,"estou entrando em contato para contestar o valor da minha fatura do claro residencial, que teve aumento e atualmente está em r 70",contestação de aumento na fatura pedido de redução,NEU
2026-04-06T07:21:31,Araraquara,SP,"fiz um plano móvel no valor de 69.90 e se eu colocasse no débito automático passaria a 65,90 a conta veio no valor de 71,22 c",cobrança indevida de plano móvel após pagamento adiantado,NEU
2026-04-06T07:20:17,Campina Grande,PB,não recebi retorno da claro. recebi mais cobrança,a claro não resolveu meu problema,NEU
2026-04-06T07:13:33,Guarulhos,SP,"no dia 27 03 fui na claro pra fazer portabilidade do meu número que era da tim e pra fazer um chip virtual, a atendente cor",venda casada e cobrança indevida de multa na claro,NEU
2026-04-06T07:12:27,São Paulo,SP,"fiz um contrato combo há cerca de 6 mese na claro tv, internet e 4 celulares . sou morador de são bernardo do campo e há 3 di",claro cobra aumento de fatura devido a mudança de endereço.,NEU
2026-04-06T06:49:30,São Paulo,SP,"segundo a claro, an internet residencial está com problemas na região do brás. a internet parou de funcionar desde o dia 02 04 dev","claro falha na internet residencial no brás por queima de cabos, com previsões de ajuste constantemente estendidas",NEU
2026-04-06T06:23:26,Campinas,SP,pelo segundo mês seguido eles tentam colocar serviços que não contratei na minha conta. além disso o serviço de internet é um edi,cobrança de serviços não contratados e internet de má qualidade,NEG
2026-04-06T05:51:57,Rio de Janeiro,RJ,"contratei um combo multi tv, internet, celular móvel marcado pra ser instalado no dia 25 03, o combinado era a vendedora vir jun","combo multi não instalado corretamente, falta de chip e cobrança de multa indevida",NEU
2026-04-06T05:50:22,São Paulo,SP,"pedi cancelamento de todos os meus serviços no dia 28 03 2026, marcaram a retirada do aparelho 04 04 2026, fui até imóvel que já e",cancelamento de serviços com falha na retirada de equipamento e cobrança indevida,NEU
2026-04-06T05:02:54,Campina Grande,PB,"colocaram uma assinatura de streaming da hbo na minha fatura que eu não solicitei, não comprei. desde janeiro eu estou reclamando","cobrança indevida de assinatura de streaming hbo não solicitada, com histórico de reclamações mensais e reincidência anual.",NEG
2026-04-06T04:39:34,Rio de Janeiro,RJ,"sou cliente da claro e contratei um plano de internet de 600 mb, porém a velocidade entregue está muito abaixo do contratado, não",internet 600 mb não entrega nem 300 mb há 25 dias e com quedas constantes,NEG
2026-04-06T02:59:54,Guarulhos,SP,"a claro se nega a cancelar meu plano, fica gerando faturas em meu nome, acumulou 3 faturas sendo 2 indevidas, paguei acordo achand","claro se nega a cancelar plano, gera faturas indevidas e reativa serviço suspenso sem solicitação após mudança de endereço não atendida.",NEG
2026-04-06T02:41:19,São Paulo,SP,loja jandira plaza shopping protocolo aberto pela loja e até agora sem resposta protocolo que eu abri junto,loja jandira plaza shopping plano pós pago feito sem consentimento e falta de profissionalismo,NEU
2026-04-06T01:59:32,Palhoça,SC,estão me cobrando dívida de tempos ja e nao tenho como pagar estou desempregada e moro de favor,desemprego,NEG
2026-04-06T01:48:48,Belo Horizonte,MG,paguei a fatura ontem pelo pix tenho comprovante fiz o pagamento por multilink tecnologia ltda e não gosta pagamento ligo pra oper,pagamento via pix não reconhecido e dados cadastrais incorretos em conta claro,NEU
2026-04-06T01:45:33,São Paulo,SP,"no dia 30 03 2026 fiz contato no setor de cancelamento da claro para saber quanto ficaria minha fatura proporcional, caso houve um",claro promessa de economia e adequação de pacote resultam em downgrade de serviço e problemas de conexão,NEU
2026-04-06T01:22:34,Santos,SP,"estou tentando entrar em contato com a claro para negociar uma dívida em aberto, porém não consigo atendimento por nenhum dos cana",claro dificuldade de contato para negociação de dívida em canais de atendimento.,NEU
2026-04-06T01:04:04,Sarandi,PR,"fiz uma recarga de r 30 para o meu número para renovar o plano pré pago quot prezão r 1 por dia quot com 12gb de internet,",falha na renovação de plano pré pago,NEU
2026-04-06T00:26:46,Limeira,SP,"realizei a portabilidade da minha linha para outra operadora, encerrando automaticamente meu vínculo com a claro. mesmo assim,",cobrança indevida após portabilidade para outra operadora claro flex,NEU
2026-04-06T00:16:57,Rio Grande,RS,"troquei meu plano dia 02 4 2026 de 300 mega para 600 mega. não trocaram.o aparelho de wi fi, disseram.que não precisava, era só d",internet wi fi com velocidade muito baixa após upgrade de plano residencial,NEU
2026-04-06T00:16:18,Rio de Janeiro,RJ,a operadora claro consente com o método de pagamento escolhido por cliente e recebe o valor integral para confirmação da operaçã,"cliente claro paga recarga, mas leva menos gigabytes e se depara com um prazo de vencimento bem inferior aos trinta dias habituais",NEU
2026-04-06T00:09:51,Guarulhos,SP,"no dia 02 04, minha conexão de internet foi interrompida inesperadamente. ao entrar em contato com a operadora, fui informada de q",conexão interrompida e falta de posicionamento,NEU
2026-04-05T23:58:31,Manaus,AM,fiz uma portabilidade de um chip para operadora claro recebi um novo chip com o número portado mas depois de um mês o chip queimou,cobrança de novo chip após portabilidade e chip queimado,NEU
2026-04-05T23:51:40,Imperatriz,MA,"fiz a compra de um a06 na loja da riachuelo do shopping imperial na data de 27 11 2025 no valor de r 349,01 que teve seria no val",reclamação sobre venda casada e cobrança indevida de plano de telefonia na riachuelo,NEU
2026-04-05T23:42:17,Natal,RN,"comprei um aparelho celular no carrefour, em uma promoção que dizia que fazendo a portabilidade para a claro eu receberia 200 reai",cobrança indevida e dificuldade de cancelamento de plano não autorizado pela claro após compra de celular no carrefour.,NEU
2026-04-05T23:39:14,Canoas,RS,tenho um plano pós pago da claro móvel no valor 139 reais na qual é um plano fidelidade com o vencimento para 23 de abril de 2026,aumento indevido de plano e quebra de fidelidade pela claro móvel,NEU
2026-04-05T23:22:57,Contagem,MG,tenho várias informações a fazer já vem alguns meses sem internet desde o início de janeiro desculpa era por conta de chuva proble,"cliente sem internet há meses, com velocidade baixa e cobranças indevidas apesar de pagamentos em dia.",NEU
2026-04-05T23:20:15,São Paulo do Potengi,RN,"meu plano tá sendo cobrado mesmo tendo sido cancelado, desde de dezembro que vem chegando faturas e eu já tinha cancelado, porém a",cobranças indevidas,NEU
2026-04-05T23:17:12,Barueri,SP,internet e serviço é um editado pelo reclame aqui fujam editado pelo reclame aqui mesmo,um editado pelo reclame aqui editado pelo reclame aqui fujam internet não funciona cai direto,NEG
2026-04-05T23:07:55,São Paulo,SP,"acerca de 3 meses atrás eu fiz uma contratação upgrade no meu plano da tv porque eu tinha visto um plano de r 109,90 eu liguei po","cobrança indevida após upgrade de plano de tv, cliente solicita reembolso do valor pago a maior.",NEU
2026-04-05T22:53:18,Nossa Senhora do Socorro,SE,venho registrar minha indignação com a claro. eu possuía uma conta que incluía o serviço de tv box e realizei o pagamento devido.,cobrança indevida e negativação no serasa pela claro após pagamento de tv box,NEG
2026-04-05T22:48:10,Manaus,AM,"troquei a internet da minha residência para a claro essa semana pq disseram que ela era melhor, no entanto, após menos uma semana",falta de sinal de internet da claro após menos de uma semana de uso,NEU
2026-04-05T22:47:16,Mauá,SP,sou cliente da claro a anos agora de 2 a 3 vezes por semana começou essa editado pelo reclame aqui de reparos pontual de ficar m,"cliente relata interrupções frequentes no serviço de internet da claro, sem descontos ou compensações.",NEG
2026-04-05T22:44:00,Rio de Janeiro,RJ,estou sem sinal nenhum de internet nem sinal de rede a 2 dias. liguei na claro mais de 5x vezes e ninguém resolve. disseram que ia,"cliente sem sinal de internet e rede por 3 dias, com múltiplas tentativas de contato e visita à loja sem solução.",NEG
2026-04-05T22:43:05,Manaus,AM,"prezados, venho por meio desta registrar uma reclamação contra a operadora claro. estamos completamente sem sina","claro falta de sinal e internet móvel constante em manaus, associada a quedas de energia",NEG
2026-04-05T22:41:01,Hortolândia,SP,a minha esposa fez um plano com a claro incluindo uma série de vantagens . ocorre que a claro descumpriu o contrato ao cobra,"cancelamento indevido de plano e linha, cobranças abusivas e sumiço de créditos claro",NEU
2026-04-05T22:34:33,Teresópolis,RJ,"coloquei crédito duas vezes no meu claro flex e não caiu, minha internet não está funcionando, e não foi estornado nenhum valor m",crédito em dobro não creditado no claro flex e internet sem funcionar,NEG
2026-04-05T22:32:34,Belo Horizonte,MG,"faz aproximadamente um mês que eu venho tentando trocar meu plano de internet, ou seja, fazer um downgrade. como se trata de mudar",claro dificulta downgrade de plano de internet e cliente ameaça cancelar e acionar órgãos de defesa do consumidor,NEU
2026-04-05T22:32:16,Campos dos Goytacazes,RJ,estou a um mês sem sinal de internet residencial e móvel devido a uma falha da claro no reconhecimento do pagamento da minha fatur,mês sem serviço de internet e celular devido a falha no reconhecimento de pagamento da claro,NEU
2026-04-05T22:23:17,Goiânia,GO,não consigo acessar claro flex já fui cliente anos fiz portabilidade e sai agora não consigo criar nova linha já falei no chat. na,impossibilidade de criar nova linha claro flex após ser cliente anterior e realizar portabilidade,NEG
2026-04-05T22:18:12,São Paulo,SP,"prezados, venho por meio desta registrar reclamação formal referente ao resgate de 1100 pontos no programa claro clube pa",falha na disponibilização de conteúdo alugado via pontos claro clube na claro tv,NEU
2026-04-05T22:13:33,Araranguá,SC,fiz a contratação do plano de internet residencial e hoje dia 05 04 2026 agendaram instalação no horário das 08 00h às 12 00h. fiq,reclamação sobre agendamento e não comparecimento para instalação de internet residencial.,NEU
2026-04-05T22:10:06,Rio de Janeiro,RJ,"fui editado pelo reclame aqui no dia 29 03 2026 e, no mesmo dia, solicitei o bloqueio do imei do meu aparelho e a emissão de um","operadora não bloqueou imei de celular editado pelo reclame aqui , impedindo acionamento de seguro",NEU
2026-04-05T22:09:47,São Vicente,SP,estou sem internet ou com ela muito lenta há mais de uma semana.todas as contas estão em dia e 3 técnicos já vieram aqui e ninguém,"internet lenta ou indisponível há mais de uma semana, apesar de visitas técnicas e contas em dia.",NEG
2026-04-05T22:05:25,Belford Roxo,RJ,"sou cliente da claro, meu namorado me indicou a claro porém estou tendo uma péssima experiência desde o início, irei destacar algu",minha experiência com a net claro,NEG
2026-04-05T21:58:25,Curitiba,PR,cancelei em janeiro o plano que tinha da claro para tv. paguei os resquícios em fevereiro e eles estão mandando outras cobranças a,"cobrança indevida de plano de tv cancelado, mesmo após pagamento dos resquícios.",NEG
2026-04-05T21:58:06,Contagem,MG,no dia 23 10 2025 fui realizar uma compra na loja da claro do itaú power shopping contagem mg de um iphone pelo meu plano .,claro cobrança de multa e perda de pontos após desistência de compra de iphone,NEU
2026-04-05T21:45:24,São Paulo,SP,"estou a 4 dias sem internet em casa , ligo todos os dias e agendaram uma visita técnica 3 dias pra frente z trabalho home office ,",sem internet em casa por 4 dias e agendamento de visita técnica longe do prazo,NEU
2026-04-05T21:38:36,Ribeirão Preto,SP,havia perdido meu chip e ao entrar em contato com claro fui informado a necessidade de comprar um novo chip para cadastrar meu núm,cobrança indevida de dois planos após oferta de portabilidade não cumprida pela claro,NEU
2026-04-05T21:21:58,Maceió,AL,que o plano da claro pós pago quando cancelei ela me botou em em 318,quando eu cancelei,NEU
2026-04-05T21:20:16,Santo André,SP,"em dezembro 2025, minha conta da claro net foi invadida por hacker e fizeram uma assinatura de um disney plus. desde então tenho l",cobrança indevida de disney na conta claro net após invasão hacker,NEU
2026-04-05T21:12:43,Campinas,SP,"olá, fiz uma solicitação de serviço onde minha reclamação era que o sinal do wi fi não estava alcançando no quarto do apartamento,",reclamação sobre mau atendimento e falha na troca de aparelho de wi fi,NEU
2026-04-05T21:00:08,Santos,SP,sou assinante do serviço clarotvmais e tenho tido problemas com sinal dos canais. por vezes alguns canais ficam travando e ultimam,"clarotvmais problemas com sinal de canais e erro 2201, afetando assinatura premiere",NEG
2026-04-05T20:59:57,Santos,SP,"claro tv mais frequentemente fora do ar, tanto na tv quanto no app. estou pagando por um serviço que não consigo usar.",claro tv frequentemente fora do ar,NEU
2026-04-05T20:59:20,Salvador,BA,"liguei solicitando o cancelamento do serviço da claro residencial no dia 06 03, e recebi a conta cheia, para ser paga no dia 10 04",claro residencial cobrança indevida após solicitação de cancelamento e falha no envio de protocolo.,NEU
2026-04-05T20:55:28,Salvador,BA,claro comprando no meu cartão de crédito sendo que ha linha do telefone não está em meu nome já tentei cancelar não consigo ainda,cobrança indevida vários anos,NEG
2026-04-05T20:54:52,Maceió,AL,é a segunda vez que o sinal cai total em menos de três dias do sinal da claro e o retorno demora muito.,"queda de sinal da claro com retorno demorado, ocorrendo pela segunda vez em poucos dias",NEG
2026-04-05T20:46:21,Duque de Caxias,RJ,o serviço de internet ficou fora do ar e não consigo reclamar por nenhum canal disponibilizado pela operadora.,serviço de internet indisponível e impossibilidade de contato com a operadora,NEU
2026-04-05T20:46:00,Curitiba,PR,"tenho celular, internet e tv pela claro e estou tentando entrar em contato para rever meu plano de tv e não consigo. tentei pelo w",claro dificuldade em contato para revisão de plano de tv,NEU
2026-04-05T20:39:10,Juiz de Fora,MG,a claro tv não está conectado na minha tv. todas as conexões de rede e localização estão em ordem.,"problema de conexão da claro tv na tv, com rede e localização em ordem.",NEU
2026-04-05T20:38:16,Rio de Janeiro,RJ,o aplicativo claro tv não funciona mais. fica dando erro de apertar ok. a claro abandona o aplicativo e o suporte é nulo.,"aplicativo claro tv não funciona, com erro constante e suporte ineficaz",NEG
2026-04-05T20:36:24,São Paulo,SP,"tenho claro internet banda larga, ano passado estava 99 reais e esse ano aumentou um pouco p 105,fui pagar a desde mes agora e est",claro internet cobrança de aplicativos digitais não solicitados e aumento abusivo de valor.,NEU
2026-04-05T20:32:44,Poá,SP,"tenho assinatura claro tv simplesmente nao funciona, e quando funciona, nao pega a regiao ao qual é o meu endereco de con","claro tv não funciona corretamente, apresentando falhas na região de contratação.",NEG
2026-04-05T20:30:49,Pindamonhangaba,SP,cobrança errada e já perdi as contas de quantas vezes passei por isso meu contrato passado foram diversos problemas de cobranças.,"cobrança errada recorrente em novo contrato claro, mesmo após sugestão de troca para resolver problemas anteriores.",NEG
2026-04-05T20:30:20,Rio de Janeiro,RJ,de novo vindo fazer reclamação sobre a mesma internet e com o mesmo problema. não respondem e não resolvem. quando a internet não,"reclamação sobre internet com falhas constantes e falta de suporte técnico, solicitação de anulação de contrato.",NEG
2026-04-05T20:26:24,São Paulo,SP,"não consigo assistir minha tv , não é de graça , pago minha fatura todo mês, e está péssimo o serviço de tv ,",serviço de tv pago com péssima qualidade e indisponível,NEG
2026-04-05T20:25:39,Osasco,SP,"boa noite, de alguma forma aparece promoções na linha, ao efetuar recargas no valor do pacote contrato prezao, nunca e efetivado.",promoções e recargas prezao não efetivadas e dados indisponíveis apesar de constarem no app,NEU
2026-04-05T20:13:20,Angra dos Reis,RJ,título loja claro de são pedro da aldeia se recusa a fazer segunda via de chip fui até a loja da claro em são pedro da a,"loja claro em são pedro da aldeia se recusa a emitir segunda via de chip para linha pré paga, alegando falta de disponibilidade e demonstrando mau atendimento.",NEU
2026-04-05T20:10:47,São Paulo,SP,troquei o sim e ele não funciona. naoexiste canal de comunicação. jafiz todo os processos e aguaradei todos os períodos que pedira,chip inválido e falta de canais de comunicação para resolução do problema,NEG
2026-04-05T20:07:35,Belo Horizonte,MG,fiquei sem tv do dia 27 02 26 até dia 17 03 26 a claro não descontou os dias que fiquei sem seus serviços. liguei 2 x para informa,claro não concedeu descanso em fatura após falha na prestação do serviço de tv,NEU
2026-04-05T20:06:45,São Paulo,SP,efetuei o cancelamento da minha conta com a claro. falei com um atendente por telefone solicitei que ela me enviasse tudo que eu t,claro cobra dívida indevida após cancelamento e envia nome para serasa,NEU
2026-04-05T20:05:43,Teresina,PI,"fiz um plano controle e infelizmente o plano prestado nunca me atendeu como deveria, só passei raiva e pelo valor cobrado nunca ti","plano controle não atende, cancelamento negado e péssimo atendimento",NEG
2026-04-05T19:59:16,Rio de Janeiro,RJ,"a empresa claro me colocou no serasa por uma dívida que,segundo eles, estava em aberto desde 2021. eu desconhecia essa dívida até","cobrança indevida e valores abusivos pela claro, resultando em negativação no serasa",NEU
2026-04-05T19:57:16,Ribeirão Preto,SP,venho por meio desta registrar uma reclamação formal referente à ativação de serviços em meu plano sem minha autorização. br,ativação indevida de serviços netflix e disney sem autorização e solicitação de cancelamento e estorno,NEU
2026-04-05T19:56:33,Osasco,SP,"prezados, sou cliente da claro em brasília cpf , e venho enfrentando dificuldades para receber minhas faturas por e",claro dificuldade no recebimento de faturas por e mail em brasília,NEU
2026-04-05T19:55:46,Cotia,SP,"venho por meio desta registrar uma reclamação formal contra a operadora claro, devido à recorrente falha na prestação dos serviços",claro falha recorrente e interrupções nos serviços de tv e internet em carapicuíba sp,NEU
2026-04-05T19:52:53,Manaus,AM,"id dívida já quitada continua aparecendo no serasa como conta atrasada no cpf, solicitada baixa imediatareclamação título","dívida já quitada continua aparecendo no serasa como conta atrasada no cpf, solicitada baixa imediata",NEU
2026-04-05T19:51:47,Recife,PE,tinha em minha casa 03 decodificadores e recentemente fiz uma atualização aonde foi oferecido pela atendente o pacote da claro tv,problemas com pacote claro tv e acesso a aplicativos em outras tvs,NEU
2026-04-05T19:44:45,Natal,RN,tiraram a opção de ver quantos dias faltam para acabar a internet da sua recarga. adicionem essa opção novamente,solicitação de reintrodução da funcionalidade de visualização de dias restantes para o término da franquia de internet,NEU
2026-04-05T19:41:45,Santa Luzia,MG,a operadora está me cobrando uma fatura de uma linha telefônica que eu nunca usei e nem chip da claro eu tenho,cobrança indevida de linha telefônica não utilizada e sem chip da claro,NEU
2026-04-05T19:41:23,Brasília,DF,fiz uma solicitacao de roaming de dados e a claro está me cobrando durante 2 anos pois me orientaram de forma incorreta falando qu,claro cobrança indevida de roaming de dados após orientação incorreta e solicitação de cancelamento.,NEG
2026-04-05T19:39:46,Salvador,BA,"adquiri a internet da claro que dá direito à globoplay, mas não funciona. já entrei em contato pedindo uma solução o que não acont",globoplay pela claro não funciona.,NEU
2026-04-05T19:33:36,Santos,SP,"estou sendo cobrado indevidamente por 2 aparelhos mesh que já foram retirados da minha casa, já enviaram um técnico deles para ver",cobrança indevida de aparelhos mesh já retirados,NEU
2026-04-05T19:31:32,Curitiba,PR,"tenho uma assinatura de tv a cabo com dois pontos, e quero cancelar 1 ponta desses faz mais de um mês que estou tentando e nao con",cancelamento de ponto de tv a cabo com péssimo atendimento e demora excessiva,NEG
2026-04-05T19:31:18,São Paulo,SP,vim aqui prestar minha indignação com claro pago caro na internet pra mim não conseguir utilizar sempre lentidão não consigo usar,"internet lenta e instável, dificuldade de contato com a operadora",NEG
2026-04-05T19:28:04,São Roque,SP,quando vendem tudo lindo..e do nada um aumento de quase 7,aumento por aumento,NEU
2026-04-05T19:23:28,Guarulhos,SP,"estou com problema desde o mês 10 25 quando me ofertaram um plano dia 31 10, pagava em média 274,00 reais porém ficou bem maior do",cobrança indevida e descaso no atendimento após negociação de plano,NEU
2026-04-05T19:23:19,Guarulhos,SP,quero reclamar da claro que editado pelo reclame aqui na distribuição do sinal e quando buscamos orientação no atendimento a his,"claro sinal ruim, velocidade inferior à contratada e cobrança indevida de serviço não prestado.",NEG
2026-04-05T19:21:51,São Paulo,SP,"prezados, venho por meio desta formalizar uma reclamação referente ao serviço prestado pela operadora claro, devido à fal",claro falha na alteração de plano e descumprimento de oferta após contatos telefônicos e presenciais,NEU
2026-04-05T19:19:02,São Paulo,SP,"com certeza, . refiz o texto para que a reclamação agora conecte o pagamento do débito justo à liberação de um novo chip com",reclamação sobre cobrança indevida e negativa de emissão de novo chip com mesmo número pela claro,NEU
2026-04-05T19:18:35,São Paulo,SP,"estou extremamente insatisfeita com o serviço da claro tv . simplesmente não consigo ativar a amazon prime, sendo que é o único st",insatisfação com claro tv erro na ativação da amazon prime e péssimo atendimento,NEG
2026-04-05T19:16:50,Belo Horizonte,MG,"instalação de fibra realiza em 21 03 2026, problema de sinal relatado em 31 03 2026, visita realiza em 01 04 2026, identificaram p",sem internet e tv após visita técnica para reparo de problema externo na fibra,NEU
2026-04-05T19:16:42,Guarulhos,SP,"a claro realiza cobrança de fatura abusiva, insere produtos que não foram solicitados e você não consegue falar com um atendente e","cobrança abusiva, produtos não solicitados e dificuldade de atendimento na claro",NEG
2026-04-05T19:13:40,Uberlândia,MG,"estou à cerca de 3 semanas com instabilidade no meu serviço de telefonia da claro, onde o mesmo está apenas realizando ligações e",instabilidade no serviço de telefonia claro impossibilidade de receber chamadas por 3 semanas,NEU
2026-04-05T19:09:53,São Paulo,SP,tenho um plano controle no meu celular então colocando um monte de pacote na minha conta e de 60 reais estão cobrando 180 e faland,cobrança indevida de pacotes de dados em plano controle,NEU
2026-04-05T18:58:22,Florianópolis,SC,"tenho uma linha com eles a pelo menos 15 anos, era da oi, quando a oi foi vendida passou para claro . nesse tempo perdi meu chip é","reativação de linha cancelada após pagamento de débito não efetuada pela claro, com falha no atendimento presencial e telefônico.",NEU
2026-04-05T18:47:02,Blumenau,SC,"várias vezes ligamos para a ouvidoria da claro net, primeiro solicitamos cancelamento, pois estávamos pagando telefone fixo sendo",claro net cobrança indevida e sinal de internet péssimo apesar de troca de aparelho.,NEU
2026-04-05T18:29:02,Campinas,SP,"estou com algumas contas em aberto com a claro, porém estou percebendo que quando faço um acordo e pago a primeira parcela esse va",acordo claro não reflete na dívida e cliente busca renegociação acessível,NEU
2026-04-05T18:13:32,Condado,PB,"até o mês de fevereiro, meu plano custava r 34,95. em março, o valor foi reajustado para r 54,88 e, em abril, subiu novamente pa",aumento abusivo e multa para cancelamento de plano de telefonia,NEU
2026-04-05T18:00:12,Guarulhos,SP,"fiz o cancelamento do meu plano de internet residência em agosto de 2025, se não me falha a memória na data de 28 08 25. e para mi",cobrança indevida após cancelamento e dificuldade de contato,NEU
2026-04-05T17:59:35,Sumaré,SP,"sou cliente da claro desde 2012 e, ao longo desse período, sempre mantive uma relação de confiança com a empresa. recente","claro cobrança de multa indevida por cancelamento de plano pré pago com débito automático, contratado de forma não intencional e com falhas na internet.",NEU
2026-04-05T17:54:05,Juiz de Fora,MG,"sou cliente da claro a cerca de 5 anos e possuía dois contratos cujas contas nunca paguei em atraso, possuindo pacotes de tv e int",falta de respeito pelo cliente.,NEU
2026-04-05T17:48:53,Florianópolis,SC,"nos últimos 3 meses, comecei a receber diversas ligações de cobrança em nome de josé. em todas as vezes, informei que não há nenhu","recebimento de mais de 40 ligações diárias de cobrança editado pelo reclame aqui em nome de josé, sem solução pela claro.",NEU
2026-04-05T17:42:22,São Paulo,SP,"em janeiro deste ano liguei e fiz a alteração do meu plano, porém ao fechar o mês tive a surpresa de que nada havia mudado. r","falha na alteração de plano e portabilidade, com solicitação de cancelamento pendente",NEU
2026-04-05T17:38:45,Brumado,BA,"fiz uma compra no site da claro pedido n de um chip físico para minha avó no dia 10 04 2026, recebi o código de rastreio via",claro pedido n chip não localizado e solicitação de reembolso,NEU
2026-04-05T17:27:33,São Paulo,SP,"estou sem internet em casa a mais de 24 horas, somente com informações de robô que justifica que retorna em x horário","sem internet em casa há mais de 24 horas, com respostas automatizadas",NEG
2026-04-05T17:26:03,Salvador,BA,"mudei pro mesmo condomínio e não tenho internet. marcarem pela 3 vez a vinda do técnico e não enviaram, como é decepcionante o ser","internet não funciona após mudança, técnico não comparece.",NEG
2026-04-05T17:24:40,Rio de Janeiro,RJ,"minha fatura claro veio com duas cobranças de mesmo valor de r 9,90 nove reais e noventa centavos cada de um serviço não contrat",cobrança duplicada e indevida de serviço não contratado na fatura claro residencial,NEU
2026-04-05T17:23:47,Pato Branco,PR,"acessei a plataforma do serasa e me deparei com dívidas prescritas sendo cobradas, entretanto, o stj já decidiu, através dos resps",cobrança de dívidas prescritas na plataforma serasa limpa nome,NEG
2026-04-05T17:19:21,Sorocaba,SP,"realizei a contratação do pacote claro tv no dia 18 03 por volta das 20h, no valor de r 123,90, com pagamento via cartão de crédi",claro tv não ativada após cobrança e serviços indisponíveis,NEU
2026-04-05T17:18:03,Manaus,AM,"prezados, realizei o pagamento integral da fatura que constava em aberto no serasa, inclusive pelo próprio aplicativo, e no si","pagamento realizado, mas pendência no serasa persiste",NEU
2026-04-05T17:15:46,Recife,PE,venho por meio deste canal de reclamação informar minha total insatisfação com o atendimento da loja claro localizada no shopping,atendimento insatisfatório e informações divergentes sobre desconto em celulares na loja claro shopping patteo olinda,NEG
2026-04-05T17:14:01,Palhoça,SC,"no dia 22 11 2025,fui ate uma loja da claro no shopping beira mar ,la fiz uma compra de um iphone 16 pro max com isso tinha que fa",cobrança editado pelo reclame aqui de ligações e falha na instalação de internet residencial após compra de iphone na claro,NEU
2026-04-05T16:58:25,Rio de Janeiro,RJ,"mudei me para fora do país e, por essa razão, solicitei por várias semanas o cancelamento do meu plano residencial da claro.","claro cancela o serviço, confirma ausência de dívida e mesmo assim continua cobrando indevidamente.",NEU
2026-04-05T16:52:52,Diadema,SP,"urgente editado pelo reclame aqui sistêmica, coação e pedido de restituição em dobro cliente claro tv corpo da reclamaçã","editado pelo reclame aqui sistêmica, coação e pedido de restituição em dobro por linhas telefônicas editado pelo reclame aqui cliente claro tv",NEU
2026-04-05T16:46:25,São Paulo,SP,"fiz um pedido de assinatura de um combo, com canais, e assinatura e wi fi todos juntos, o mesmo vendedor que me informou que era s",propaganda enganosa combo claro com vendedor não cumpre o prometido,NEU
2026-04-05T16:35:51,São Gonçalo,RJ,estou tentando cancelar um plano pós pago e simplesmente não consigo pois não encontro a opção em nenhum dos canais da operadora,impossibilidade de cancelamento de plano pós pago em canais da operadora,NEG
2026-04-05T16:35:43,São Paulo,SP,"tenho um plano familia de 300gb e ha 5 dias uma das linhas esta sem acesso a internet. ja ligamos mais de 5x, fomos em 2 lojas",falha no acesso à internet da linha familiar após múltiplas tentativas de contato e visita às lojas,NEU
2026-04-05T16:31:19,Cotia,SP,no último dia 5 04 2026 por volta das 15 30 estava no shopping taboão e fui muito mal atendido foi lá atendente que estava de mal,atendimento de má qualidade e desrespeitoso por parte de atendente da claro no shopping taboão,NEU
2026-04-05T16:27:27,Duque de Caxias,RJ,fui fazer uma troca de chip pro chip virtual e o atendente deu informações erradas e ainda foi editado pelo reclame aqui . loja d,atendente deu informações erradas e foi editado pelo reclame aqui durante troca de chip para chip virtual,NEG
2026-04-05T16:13:13,Rio de Janeiro,RJ,"prezados, meu nome é e venho formalizar uma reclamação referente ao serviço pré pago da claro. recentemente, op",claro pré pago cobrança abusiva e suspensão indevida de linha,NEU
